{"sources":[{"type":"single","resource":"sabers:sabers/blue"},{"type":"single","resource":"cosmo_pack:armor/cosmo_pack_boots_icon"},{"type":"single","resource":"cosmo_pack:armor/cosmo_pack_leggings_icon"},{"type":"single","resource":"cosmo_pack:gravity_2"},{"type":"single","resource":"cosmo_pack:gravity_1"},{"type":"single","resource":"cosmo_pack:lighting_small"},{"type":"single","resource":"sabers:sabers/red"},{"type":"single","resource":"_iainternal:icons/icon_left_blue"},{"type":"single","resource":"cosmo_pack:lighting"},{"type":"single","resource":"_iainternal:icons/icon_cancel"},{"type":"single","resource":"sabers:sabers/yellow"},{"type":"single","resource":"_iainternal:icons/icon_back_orange"},{"type":"single","resource":"_iainternal:icons/icon_arrow_chest"},{"type":"single","resource":"cosmo_pack:chest"},{"type":"single","resource":"_iainternal:icons/icon_search"},{"type":"single","resource":"_iainternal:icons/icon_next_orange"},{"type":"single","resource":"_iainternal:icons/icon_right_blue"},{"type":"single","resource":"cosmo_pack:armor/cosmo_pack_helmet_icon"},{"type":"single","resource":"cosmo_pack:ring"},{"type":"single","resource":"sabers:sabers/green"},{"type":"single","resource":"sabers:sabers/purple"},{"type":"single","resource":"cosmo_pack:sword"},{"type":"single","resource":"cosmo_pack:armor/cosmo_pack_chestplate_icon"},{"type":"single","resource":"sabers:sabers/orange"},{"type":"single","resource":"sabers:sabers/pink"}]}