{"parent":"minecraft:item/handheld","textures":{"layer0":"minecraft:item/netherite_sword"},"overrides":[{"predicate":{"custom_model_data":10000},"model":"cosmo_pack:battle_axe"},{"predicate":{"custom_model_data":10001},"model":"cosmo_pack:blade"},{"predicate":{"custom_model_data":10002},"model":"cosmo_pack:dagger"},{"predicate":{"custom_model_data":10003},"model":"cosmo_pack:halberd"},{"predicate":{"custom_model_data":10004},"model":"cosmo_pack:sickle"},{"predicate":{"custom_model_data":10005},"model":"cosmo_pack:spear"},{"predicate":{"custom_model_data":10006},"model":"cosmo_pack:staff"},{"predicate":{"custom_model_data":10007},"model":"cosmo_pack:sword"},{"predicate":{"custom_model_data":10008},"model":"item/netherite_sword"}]}